id,name,description,stock
1,100LQLEDT65MVN,EXT REFLECTOR LED100W100-277V6500K8500LM,9
2,10HLED762MV30N,EXTERIOR ACENTO LED 10W 100-240V 3000K,21
3,10YD101MVB,INTERIOR EMPOTRADOS S/L100-240/12VGX5.3,13
4,24PTLLEDR30MVB,"Lampara Plafon LED de sobreponer 24w, Luz suave calida, Interior",1
5,2PACK_MLED-2H,"""""Kit de 2 pzas Conector medio para unir mangueras entre si,""",2
6,2PACK_MLED-2H-1/25,kit de 2 pzas Fuente de poder para manguera de 2 Hilos.,2
7,2Pack-SM-22-N,2 PACK de Sensor movimiento 180 grados infrarrojo switch para pared,10
8,2Pack-SM-360-1S-N,2 PACK Sensor movimiento 360grados infrarrojo con sensor para sobreponer en techo,10
9,30HLED764MV30N,EXTERIOR ACENTO LED 30W 100-240V 3000K,6
10,3DG9LED30V300C,LAMPARA LED AMPOLLETA 3W127V3000KG9350LM,144
11,5PACK_MLED-2-5050SMD,kit de 5 pzas Accesorio de union en esquinas para manguera 5050SMD,2
12,5PACK_MLED-2H-2/25,kit de 5 pzas Conector en T para Manguera 2 hilos marca Tlapps,2
13,5PACK_MLED-2H-3/25,kit de 5 pzas Conector en X para Manguera 2 hilos marca Tlapps,2
14,5PACK_MLED-2H-8/25,kit de 5 pzas Accesorio para conectar la manguera.,2
15,5PACK_MLED-2-SMD,kit de 5 pzas Accesorio de union en esquinas para manguera 3528SMD,2
16,5PACK_MLED-3-5050SMD,kit de 5 pzas Accesorio de unión para mangueras 5050SMD,2
17,5PACK_MLED-3-SMD,kit de 5 pzas Accesorio de unión para mangueras 3528SMD,2
18,5PACK_MLED-4-SMD,kit de 5 pzas Accesorio de unión en L para mangueras 3528SMD,2
19,5PACK_MLED-60-2,kit de 5 pzas Accesorio para conectar tira  a Driver plug-in,2
20,5PACK_MLED-60-2-2835,kit de 5 pzas Accesorio para conectar tira a Driver plug-in,2
21,5PACK_MLED-60-7-KSILICON,Kit 5 pzas de Silicón con tapas finales,2
22,6YDLED430MV40B,INT EMP LED 6W100-240V4000K320LM,100
23,ALED-S56,luminario para alberca LED PAR-56,1070
24,ALED-S56/RGB,luminario para alberca LED PAR-56 RGB,1371
25,AMPL-12V-180W-MCR,Amplificador Monocromatico 12V 180W IP65,336
26,AQUA-12W-REFLEC,"""""REFLECTOR SUMERGIBLE RGB DE SOBREPONER A BASE DE ADHESIVO PARA ALBERCA, BOTE, MUELLE etc.""",41
27,AQUA-20W-REFLEC,"""""REFLECTOR SUMERGIBLE RGB DE SOBREPONER A BASE DE TORNILLO PARA ALBERCA, BOTE, MUELLE etc.""",1
28,AQUA-9W-FS,LUMINARIO RGB SUMERGIBLE PARA FUENTES Y ESTANQUES,3
29,AQUA-AF90-AZ,LUZ LED PARA CHORRO DE ALBERCA,9
30,AQUA-AF90-BC,LUZ LED PARA CHORRO DE ALBERCA,35
31,AQUA-AF90-LD,LUZ LED PARA CHORRO DE ALBERCA,129
32,AQUA-COB-PAR56-LD,LUMINARIO PAR 56 COB PARA ALBERCA,162
33,AQUA-COB-PAR56-WW,LUMINARIO PAR 56 COB PARA ALBERCA,76
34,AQUA-HM,Housing metalico para luminarios de Alberca,654
35,AQUA-T90-P56-BC,"""""LUMINARIO PAR56  DE REMPLAZO , BLANCO CALIDO""",80
36,AQUA-T90-P56-LD,"""""LUMINARIO PAR56  DE REMPLAZO , LUZ DE DIA""",99
37,AQUA-TC,TERMOCONTRACTIL PARA CABLE,976
38,ARTNET-DMX-8S,Controlador,1
39,BP-T8-120,Base Portalámpara Para Tubo T8 120 cm,247
40,BP-T8-60,Base Portalámpara Para Tubo T8 60 cm,104
41,Catalogo_TLapps_2022,Catálogo 2022 TLapps,165
42,Catalogo_TLappsddeco_2022,Catálogo TLapps ddeco 2022,2990
43,CC-MF-IP68,CAJA DE CONEXION IP68,287
44,CL-1-3528,Cable alimentador con clavija para Manguera de LED 3528SMD 127V,171
45,CL-3-5050,Conector medio para Manguera de LED 5050SMD 127V,558
46,CL-LED3528-127V-25M-IP65/30,Manguera de LED 3528SMD 60/m 127V 25metros IP65 3000°K,107
47,CL-LED3528-127V-25M-IP65/65,Manguera de LED 3528SMD 60/m 127V 25metros IP65 6500°K,1
48,CL-LED3528-12V-5M/30,Tira flexible de LED 3528SMD 60/m 12V 5metros 3000°K,842
49,CL-LED3528-12V-5M/65,Tira flexible de LED 3528SMD 60/m 12V 5metros 6500°K,523
50,CL-LED3528-12V-5M-IP65/30,Tira flexible de LED 3528SMD 60/m 12V 5metros IP65 3000°K,223
51,CL-LED5050-127V-25M-IP65/30,Manguera de LED 5050SMD 60/m 127V 25metros IP65 3000°K,49
52,CL-LED5050-127V-25M-IP65/65,Manguera de LED 5050SMD 60/m 127V 25metros IP65 6500°K,2
53,CL-LED5050-12V-5M/30,Tira flexible de LED 5050SMD 60/m 12V 5metros 3000°K,219
54,CMLED-IP-CP,Cable conector para tira IP68 con led 2835,6
55,CMLED-IP-CP-5050,Cable conector para tira IP68 con led 5050,14
56,CMLED-IP-CP-RGB,Cable conector para tira IP68 RGB,83
57,CMLED-IP-TCT,Cable conector tira a tira grado IP68 con led 2835,16
58,CMLED-IP-TCT-5050,Cable conector tira a tira grado IP68 con led 5050,12
59,CMLED-IP-TCT-RGB,Cable conector tira a tira grado IP68 RGB,12
60,CMLED-IP-TT,Conector tira a tira grado IP68 con led 2835,16
61,CMLED-IP-TT-5050,Conector tira a tira grado IP68 con led 5050,190
62,CMLED-IP-TT-RGB,Conector tira a tira grado IP68 RGB,45
63,CO1106BBCB,TRAZZO GRAZER 18W 3000K 127-220V BCO,37
64,CO5112BBCA,INTERIOR LED 30W 100-277V 3000K BLANCO,11
65,CO8111NBNA,Trazzo 40W 100 4000K 127-277V Aten Ngo,6
66,CON-X-3528,Conector en X para unir tiras flexibles de interior de LED 3528 SMD 12V,6724
67,CON-X-5050,Conector en X para unir tiras flexibles de interior de LED 5050 SMD y 2835 SMD 12V,1785
68,CON-X-RGB,Conector en X para unir tiras flexibles de interior de LED RGB SMD 12V,2823
69,C-RGBW-TUYA,Control TUYA RGBW,385
70,CR-MF-IP68,CONECTOR RECTO IP68,152
71,CTLLED-005/30/N,"Luminario de techo, suspendido led para interior",3
72,CT-MF-IP68,CONECTOR EN T IP68,254
73,CTRL-12V-REFLED-RGBW,"""""Controlador RGBW a 12V para reflectores RGBW, incluye control remoto RF""",148
74,DH-98A-S,Detector de humo fotoeléctrico Version Star,7068
75,DIMLED-127V-200W,Interruptor Dimmer regulador de intensidad para casa,1570
76,DRIVERLED-12V-100W-IP66,Driver con salida a 12V de 100 W IP66 para proyecto (aluminio),6
77,DRIVERLED-12V-100W-IP67-O,"""""Driver 12 V DC, 100 Watts, IP67 uso exterior, proyectos""",345
78,DRIVERLED-12V-100W-PR,Driver con salida a 12V de 100 W para proyecto (aluminio),4948
79,DRIVERLED-12V-12W-PI,Driver con salida a 12V de 12W para contacto plug-in,143
80,DRIVERLED-12V-150W-PR,Driver con salida a 12V de 150 W para proyecto (aluminio),1117
81,DRIVERLED-12V-15W-PR,Driver con salida a 12V de 15W para proyecto (aluminio),282
82,DRIVERLED-12V-200W-IP67-O,"""""Driver 12 V DC, 200 Watts, IP67 uso exterior, proyectos""",108
83,DRIVERLED-12V-200W-PR,Driver con salida a 12V de 200 W para proyecto (aluminio),6
84,DRIVERLED-12V-360W-PR,Driver con salida a 12V de 360 W para proyecto (aluminio),822
85,DRIVERLED-12V-36W-IP67-O,"""""Driver 12 V DC, 36 Watts, IP67 uso exterior, proyectos""",555
86,DRIVERLED-12V-500W-PR,Driver con salida a 12V de 500 W para proyecto (aluminio),272
87,DriverLED-12V-6W-PI,Driver Plug-In de 6W,562
88,DRIVERLED-12V-72W-PI,Driver con salida a 12V de 72 W para contacto plug-in,390
89,DRIVERLED-24V-100W-IP67-O,"""""Driver 24 V DC, 100 Watts, IP67 uso exterior, proyectos""",213
90,DRIVERLED-24V-100W-PR,Driver con salida a 24V de 100 W para proyecto (aluminio),2561
91,DRIVERLED-24V-200W-IP67-O,"""""Driver 24 V DC, 200 Watts, IP67 uso exterior, proyectos""",112
92,DRIVERLED-24V-200W-PR,Driver con salida a 24V de 200 W para proyecto (aluminio),305
93,DRIVERLED-24V-36W-IP67-O,"""""Driver 24 V DC, 36 Watts, IP67 uso exterior, proyectos""",589
94,DRIVER-SM-100W-65V,Driver para Pelicula inteligente - Smart Film,65
95,EWINDOW-120X60/BLUE-SKY/SMF,Luminario para sobreponer con simulacion de transcurso de día cielo azul 120x60,3
96,EWINDOW-120X60/CLOUDY-SKY/RMF,Luminario para empotrar con simulacion de transcurso de día con nubes 120x60,1
97,EWINDOW-60X60/BLUE-SKY/RMF,Luminario para empotrar con simulacion de transcurso de día cielo azul 60x60,2
98,EWINDOW-CONTROL-PANEL,Panel de control para luminarias Ewindow,2
99,FE-720-S,Fotocelda Externa,4370
100,FGRGBWM-442,CONTROLADOR RGBW CON CONEXIÓN Z-WAVE,7
101,FI-770/LED,"""""Fotocelda interna para cargas incandescentes,halógenas y LED""",5266
102,FI-770/LED/4-PACK,"4 pack - Fotocelda interna para cargas incandescentes,halógenas y LED",2
103,FLUSH-DIMMER-Q-0-10V,Dimmer de 0 a 10V Zwave,9
104,GDL-SER-127V/AZ,SERIE CON GUIRNALDA LED COLOR AZUL,184
105,GDL-SER-127V/BC,SERIE CON GUIRNALDA LED COLOR BLANCO CALIDO,1526
106,GDL-SER-127V/BC/2-PACK,2Pack - SERIE CON GUIRNALDA LED COLOR BLANCO CALIDO,2
107,GDL-SER-127V/LD,SERIE CON GUIRNALDA LED COLOR LUZ DE DIA,944
108,GDL-SER-127V/RO,SERIE CON GUIRNALDA LED COLOR ROJO,69
109,GDL-SER-127V/VE,SERIE CON GUIRNALDA LED COLOR VERDE,75
110,HLED-116/AL,EXTERIOR MUROS LED 6W100-240V3000K,7
111,H-MLED-2835SMD-127V/BC,"""""Manguera flexible 60 LEDs x metro, 2835 SMD, exterior 25 m""",840
112,H-MLED-2835SMD-127V/LD,"""""Manguera flexible 60 LEDs x metro, 2835 SMD, exterior 25 m""",896
113,H-MLED-5050SMD-127V/BC,"""""Manguera flexible 60 LEDs x metro, 5050 SMD, exterior 25 m""",2523
114,H-MLED-5050SMD-127V/LD,"""""Manguera flexible 60 LEDs x metro, 5050 SMD, exterior 25 m""",1349
115,HSC6-HP-US,Termostato Inteligente Aire Acondicionado Central,200
116,HSC8-FC4,Termostato Fan coil,404
117,HSC-C221,MODULO CONTROLADOR DE CORTINA,52
118,HSC-G150-US,Controlador HorusPlus,121
119,HSC-P511-US,Interruptor Táctil Inteligente Dimmer,204
120,HSC-S220-US,Módulo de contacto seco Horus,6
121,HSC-S222,Módulo de control de cargas Horus v2.0,76
122,HSC-S511-US,Interruptor Táctil Inteligente Sencillo,213
123,HSC-S512-US,Interruptor Táctil Inteligente Doble,129
124,HSC-S513-US,Interruptor Táctil Inteligente Triple,269
125,HTIP65-2835LD-CON24W,Kit de tira led luz de día para exterior con convertidor de corriente,2
126,H-TLED-120-2835/BC,"""""Tira flexible 120 LEDs x metro, 2835 SMD, interior""",791
127,H-TLED-120-2835/LD,"""""Tira flexible 120 LEDs x metro, 2835 SMD, interior""",623
128,H-TLED-60-2835/BC,"""""Tira flexible 60 LEDs x metro, 2835 SMD, interior""",1046
129,H-TLED-60-2835/LD,"""""Tira flexible 60 LEDs x metro, 2835 SMD, interior""",8080
130,H-TLED-60-5050/BC,"""""Tira flexible 60 LEDs x metro, 5050 SMD, interior""",721
131,H-TLED-60-IP65-2835/BC,"""""Tira flexible 60 LEDs x metro, 2835 SMD, exterior""",3247
132,H-TLED-60-IP65-2835/LD,"""""Tira flexible 60 LEDs x metro, 2835 SMD, exterior""",717
133,H-TLED-60-IP65-5050/BC,"""""Tira flexible 60 LEDs x metro, 5050 SMD, exterior""",2128
134,H-TLED-60-IP65-5050/LD,"""""Tira flexible 60 LEDs x metro, 5050 SMD, exterior""",2252
135,IN4044GBNB,OCEAN ELEM LED 38W 4000K 100-260V GRIS,6
136,LED BAR-100/BC,Barra de LED 5050 SMD 12V 100cm Blanco Cálido,169
137,LED BAR-150/BC,Barra de LED 5050 SMD 12V 150cm Blanco Cálido,413
138,LED BAR-25/BC,Barra de LED 5050 SMD 12V 25cm Blanco Cálido,305
139,LED BAR-25/LD,Barra de LED 5050 SMD 12V 25cm Luz de Día,18
140,LE-LED/90/SMD,Luminario de 90 LED 3528 SMD 110-220V con función de emergencia,4782
141,LT-3040-5A,REPETIDOR DE PODER,10
142,LUM-SOL-IP54/GR,Luminario para exterior IP54 con celda fotovoltáica (panel solar) y cable USB para carga color Gris,139
143,LUM-SOL-IP54/NA,Luminario para exterior IP54 con celda fotovoltáica (panel solar) y cable USB para carga Naranja,2
144,LUM-SOL-IP54/VE,Luminario para exterior IP54 con celda fotovoltáica (panel solar) y cable USB para carga Verde,36
145,M5+M3-3A,Controlador,1332
146,MIN2-1,Cable con clavija y fusible para manguera de bulbos incandescentes 2 hilos,5
147,MIN2-50/AM,Manguera redonda de bulbos incandescentes 2 hilos 50m 127V IP65 Amarillo,23
148,MIN2-50/AZ,Manguera redonda de bulbos incandescentes 2 hilos 50m 127V IP65 Azul,43
149,MIN2-50/NA,Manguera redonda de bulbos incandescentes 2 hilos 50m 127V IP65 Naranja,67
150,MIN2-50/VE,Manguera redonda de bulbos incandescentes 2 hilos 50m 127V IP65 Verde,15
151,MLED-10M-CCT-127V,"Manguera flexible 120 LEDs x metro, 2835 SMD, exterior 10 m",220
152,MLED-10M-RGB-127V,"Manguera flexible 30 LEDs x metro, 5050 SMD, exterior 10 m",377
153,MLED-120-28.8W-5/BC,"""""Tira flexible 120 LEDs x metro, 2835 SMD, interior""",119
154,MLED-120-28.8W-5/LD,"""""Tira flexible 120 LEDs x metro, 2835 SMD, interior""",283
155,MLED-1-5050SMD,Cable con clavija para manguera de LED 5050 SMD,12919
156,MLED-1-SMD,Cable con clavija para manguera de LED SMD,36832
157,MLED2-25/AM,Manguera redonda de LED 2 hilos 25m 127V IP65 Amarillo,15
158,MLED2-25/AZ,Manguera redonda de LED 2 hilos 25m 127V IP65 Azul,112
159,MLED2-25/BC,Manguera redonda de LED 2 hilos 25m 127V IP65 Blanco Cálido,1338
160,MLED2-25/LD,Manguera redonda de LED 2 hilos 25m 127V IP65 Luz de Día,584
161,MLED2-25/RO,Manguera redonda de LED 2 hilos 25m 127V IP65 Rojo,7
162,MLED2-25/VE,Manguera redonda de LED 2 hilos 25m 127V IP65 Verde,55
163,MLED-2-5050SMD,Conector esquina 25 cm. para manguera de LED 5050 SMD 25 cm,556
164,MLED-2H,Conector medio para manguera de LED 2 hilos,437
165,MLED-2H-1/25,Cable con clavija para manguera de LED 2 hilos,1322
166,MLED-2H-2/25,Conector en T,698
167,MLED-2H-3/25,Conector en X,523
168,MLED-2H-4/25,Conector en L,462
169,MLED-2H-5/25,Clip plástico de montaje para manguera de LED 2 hilos,1173
170,MLED-2H-6/25,Tapa fin plástica para manguera de LED 2 hilos,3055
171,MLED-2H-7/25,Tubo termocotractil,2051
172,MLED-2H-8/25,Extension 1.5 metros con conectores,402
173,MLED-2-SMD,Conector esquina 25 cm. para manguera de LED 3528 SMD,444
174,MLED-3-5050SMD,Conector medio para manguera de LED 5050 SMD,217
175,MLED-3528SMD-127V/BC,"""""Manguera flexible 60 LEDs x metro, 2835 SMD, exterior 25 m""",10016
176,MLED-3528SMD-127V/LD,"""""Manguera flexible 60 LEDs x metro, 2835 SMD, exterior 25 m""",5059
177,MLED-3528SMD-127V-10M/BC,"""""Manguera flexible 60 LEDs x metro, 2835 SMD, exterior 10 m""",726
178,MLED-3528SMD-127V-10M/LD,"""""Manguera flexible 60 LEDs x metro, 2835 SMD, exterior 10 m""",572
179,MLED-3-SMD,Conector medio para manguera de LED SMD,1675
180,MLED-4-SMD,Conector en L para manguera de LED 3528 SMD (únicamente para cuadros),639
181,MLED-5050SMD-127V/2500K,"""""Manguera flexible 60 LEDs x metro, 5050 SMD, exterior 25 m""",455
182,MLED-5050SMD-127V/BC,"""""Manguera flexible 60 LEDs x metro, 5050 SMD, exterior 25 m""",2757
183,MLED-5050SMD-127V/LD,"""""Manguera flexible 60 LEDs x metro, 5050 SMD, exterior 25 m""",1315
184,MLED-5050SMD-127V-10M/BC,"""""Manguera flexible 60 LEDs x metro, 5050 SMD, exterior 10 m""",604
185,MLED-5050SMD-127V-10M/LD,"""""Manguera flexible 60 LEDs x metro, 5050 SMD, exterior 10 m""",422
186,MLED-5050SMD-DP-127V/LD,"""""Manguera de LED 5050 SMD Doble Pista, 127V, 144 LED/m, IP65, 25 metros, Luz de día""",1
187,MLED-5-5050SMD,Clip plástico de montaje para manguera de LED 5050 SMD,26863
188,MLED-5M-CCT-127V,"Manguera flexible 120 LEDs x metro, 2835 SMD, exterior 5 m",634
189,MLED-5M-RGB-127V,"Manguera flexible 30 LEDs x metro, 5050 SMD,  exterior 5 m",507
190,MLED-5-SMD,Clip plástico de montaje para manguera de LED SMD,24667
191,MLED-60-1,Cable c/doble conector de presión para tiras 3528 SMD,11364
192,MLED-60-1-2835,Cable c/doble conector de presión para tiras 2835 SMD,6764
193,MLED-60-14.4W-5050/AZ,"""""Tira flexible 60 LEDs x metro, 5050 SMD, interior""",143
194,MLED-60-14.4W-5050/BC,"""""Tira flexible 60 LEDs x metro, 5050 SMD, interior""",3857
195,MLED-60-14.4W-5050/LD,"""""Tira flexible 60 LEDs x metro, 5050 SMD, interior""",6
196,MLED-60-14.4W-5050/RO,"""""Tira flexible 60 LEDs x metro, 5050 SMD, interior""",260
197,MLED-60-14.4W-5050/VE,"""""Tira flexible 60 LEDs x metro, 5050 SMD, interior""",206
198,MLED-60-1-5050,Cable c/doble conector de presión para tiras 5050 SMD,4890
199,MLED-60-1-RGB,Cable c/doble conector de presión para tiras RGB,1745
200,MLED-60-1-RGBW,Conector esquina para unir tiras RGBW,529
201,MLED-60-2,Cable c/conector de presión y terminación hembra para tiras 3528 SMD,1271
202,MLED-60-2-2835,Cable c/conector de presión y terminación hembra para tiras 2835 SMD,589
203,MLED-60-24W/CONTROL,Driver con salida a 12V de 24 W para contacto plug-in,518
204,MLED-60-2-5050,Cable c/conector de presión y terminación hembra para tiras 5050 SMD,493
205,MLED-60-3,"""""Cable derivador de 6 salidas para tiras 3528, 5050 y 2835 SMD""",508
206,MLED-60-4.8W-5/2500K,"""""Tira flexible 60 LEDs x metro, 2835 SMD, interior""",106
207,MLED-60-4.8W-5/AZ,"""""Tira flexible 60 LEDs x metro, 2835 SMD, interior""",433
208,MLED-60-4.8W-5/BC,"""""Tira flexible 60 LEDs x metro, 2835 SMD, interior""",8882
209,MLED-60-4.8W-5/LD,"""""Tira flexible 60 LEDs x metro, 2835 SMD, interior""",4377
210,MLED-60-4.8W-5/RO,"""""Tira flexible 60 LEDs x metro, 2835 SMD, interior""",378
211,MLED-60-4.8W-5/VE,"""""Tira flexible 60 LEDs x metro, 2835 SMD, interior""",13
212,MLED-60-4-2835,Cable c/conector de presión para tiras 2835 SMD,2339
213,MLED-60-4-3528,Cable c/conector de presión para tiras 3528 SMD,4017
214,MLED-60-4-5050,Cable c/conector de presión para tiras 5050 SMD,3652
215,MLED-60-4-RGB,Cable c/conector de presión para tiras RGB,5421
216,MLED-60-4-RGBW,Conector para tiras RGBW a driver de proyecto,62
217,MLED-60-5-2835,Conector de presión para tiras 2835 SMD,1053
218,MLED-60-5-3528,Conector de presión para tiras 3528 SMD,5459
219,MLED-60-5-5050,Conector de presión para tiras 5050 SMD,2195
220,MLED-60-5-RGB,Conector de presión para tiras RGB,977
221,MLED-60-5-RGBW,Conector medio para unir tiras RGBW,110
222,MLED-60-6WP,"Conector con terminación hembra-macho para tiras 3528, 5050, 2835 y módulos SMD",797
223,MLED-60-6WP-RGB,Conector con terminación hembra-macho para tiras RGB,921
224,MLED-60-7-KSILICON,Kit de silicón y tapones para aislar conexiones,1262
225,MLED-60-IP45-127V/AMB,Tira Flexible de LED 3528 SMD 127V IP45 Ambar,2
226,MLED-60-IP45-127V/AZ,Tira flexible de LED 3528 SMD 127V IP45 Azul,5
227,MLED-60-IP45-127V-CD/AMB,"""""Tira flexible 60 LEDs x metro, 2835 SMD 127 V, exterior""",497
228,MLED-60-IP45-127V-CD/AZ,"Tira flexible 60 LEDs x metro, 2835 SMD 127V Exterior",508
229,MLED-60-IP45-127V-CD/BC,"""""Tira flexible 60 LEDs x metro, 2835 SMD 127 V, exterior""",21274
230,MLED-60-IP45-127V-CD/BN,"Tira flexible IP45, 60 LEDs x metro, 2835 SMD, 127V, Blanco Neutro",2452
231,MLED-60-IP45-127V-CD/LD,"""""Tira flexible 60 LEDs x metro, 2835 SMD 127 V, exterior""",21637
232,MLED-60-IP45-127V-CD/RO,"""""Tira flexible 60 LEDs x metro, 2835 SMD 127 V, exterior""",193
233,MLED-60-IP45-127V-CD/VE,"""""Tira flexible 60 LEDs x metro, 2835 SMD 127 V, exterior""",248
234,MLED-60-IP45-5050-127V/AMB,Tira Flexible de LED 5050 SMD 127V IP45 Ambar,4
235,MLED-60-IP45-5050-127V-CD/2500K,"""""Tira flexible 60 LEDs x metro, 5050 SMD 127 V, exterior""",1564
236,MLED-60-IP45-5050-127V-CD/AMB,"""""Tira flexible 60 LEDs x metro, 5050 SMD 127 V, exterior""",604
237,MLED-60-IP45-5050-127V-CD/BC,"""""Tira flexible 60 LEDs x metro, 5050 SMD 127 V, exterior""",9517
238,MLED-60-IP45-5050-127V-CD/BN,"Tira flexible IP45, 60 LEDs x metro, 5050 SMD, 127V, Blanco Neutro",2995
239,MLED-60-IP45-5050-127V-CD/LD,"""""Tira flexible 60 LEDs x metro, 5050 SMD 127 V, exterior""",2919
240,MLED-60-IP68-12V/BC,"""""Tira flexible 60 LEDs x metro, 2835 SMD, sumergible""",1634
241,MLED-60-IP68-12V/LD,"""""Tira flexible 60 LEDs x metro, 2835 SMD, sumergible""",750
242,MLED-60-IP68-12V/RO,"""""Tira flexible 60 LEDs x metro, 2835 SMD, sumergible""",305
243,MLED-60-IP68-12V/VE,"""""Tira flexible 60 LEDs x metro, 2835 SMD, sumergible""",1
244,MLED-60-IP68-5050/AZ,"""""Tira flexible 60 LEDs x metro, 5050 SMD, sumergible""",1
245,MLED-60-IP68-5050/BC,"""""Tira flexible 60 LEDs x metro, 5050 SMD, sumergible""",1281
246,MLED-60-IP68-5050/LD,"""""Tira flexible 60 LEDs x metro, 5050 SMD, sumergible""",877
247,MLED-60-IP68-5050/RO,"""""Tira flexible 60 LEDs x metro, 5050 SMD, sumergible""",32
248,MLED-60-IP68-5050/VE,"""""Tira flexible 60 LEDs x metro, 5050 SMD, sumergible""",114
249,MLED-6-5050SMD,Tapa fin plástica para manguera de LED 5050 SMD,3283
250,MLED-6-SMD,Tapa fin plástica para manguera de LED SMD,2655
251,MLED-C/REMOTO-RGB,Kit Controlador para Efectos de Luz para Tiras y Módulos RGB,186
252,MLED-CONTROL-CCT-127V,Control CCT,1330
253,MLED-CONTROL-RGB-127V,Control RGBW,984
254,MLED-GF,Grapa de plástico flexible para todo tipo de tira flexible,44767
255,MLEDK-30-IP68-12V/RGB,Kit con tira flexible de LED 5050 SMD 12V IP68 RGB -KIT,39
256,MLED-NEON-1,Cable alimentador con convertidor de corriente ca-cd 127V para manguera LED NEON,1130
257,MLED-NEON-10-127V/BC,"""""Manguera flexible 72 LEDs x metro, 5050 SMD NEON, exterior 10 m""",569
258,MLED-NEON-20-127V/AZ,"""""Manguera flexible 72 LEDs x metro, 5050 SMD NEON, exterior 20 m""",6
259,MLED-NEON-20-127V/BC,"""""Manguera flexible 72 LEDs x metro, 5050 SMD NEON, exterior 20 m""",216
260,MLED-NEON-20-127V/LD,"""""Manguera flexible 72 LEDs x metro, 5050 SMD NEON, exterior 20 m""",1
261,MLED-NEON-20-127V/RO,"""""Manguera flexible 72 LEDs x metro, 5050 SMD NEON, exterior 20 m""",17
262,MLED-NEON-3,Conector medio en I para manguera LED NEON,619
263,MLED-NEON-5,Conector esquina flexible para mangura LED NEON,36
264,MLED-NEON-6,Tapa fin plástica para manguera LED NEON,191
265,MLED-NEON-7,Tubo plástico termo-contráctil 5 cm. para manguera LED NEON,2275
266,MLED-NEON-8,100cm aluminium profile,364
267,MODLED-3P-5050/BC,"""""20 módulos lineales de plástico ABS con 3 LED 5050 SMD integrados, 12V IP65 Blanco Cálido - 20 pzs""",1
268,MR16L-LED/001/30,LAMP LED MR16 6W100-240V3000K550LM,20
269,ORIZZONTE-10M,PERFIL 10M SUSPENDIDO PARA TIRA LED,17
270,ORIZZONTE-15M,PERFIL 15M SUSPENDIDO PARA TIRA LED,7
271,ORIZZONTE-5M,PERFIL 5M SUSPENDIDO PARA TIRA LED,11
272,OU2009GBCB,WALKLIGHT LED 1.5W 3000K 127-220V GRIS,13
273,PEGASI-VII-BN-BC,Luminario arbotante de tamaño corto en color blanco con iluminación blanco calido,9
274,PEGASI-VII-BN-LD,Luminario arbotante de tamaño corto en color blanco con iluminación luz de día,7
275,PEGASI-VII-CH-BC,Luminario arbotante de tamaño corto en color champagne con iluminación blanco calido,5
276,PEGASI-VII-CH-LD,Luminario arbotante de tamaño corto en color champagne con iluminación luz de día,5
277,PEGASI-VII-GR-BC,Luminario arbotante de tamaño corto en color gris con iluminación blanco calido,5
278,PEGASI-VII-GR-LD,Luminario arbotante de tamaño corto en color gris con iluminación luz de día,5
279,PEGASI-VII-MN-BC,Luminario arbotante de tamaño corto en color madera nogal con iluminación blanco calido,11
280,PEGASI-VII-MN-LD,Luminario arbotante de tamaño corto en color madera nogal con iluminación luz de día,11
281,PEGASI-VII-MO-BC,Luminario arbotante de tamaño corto en color madera obscura con iluminación blanco calido,7
282,PEGASI-VII-MO-LD,Luminario arbotante de tamaño corto en color madera obscura con iluminación luz de día,7
283,PEGASI-VII-NG-BC,Luminario arbotante de tamaño corto en color negro con iluminación blanco calido,12
284,PEGASI-VII-NG-LD,Luminario arbotante de tamaño corto en color negro con iluminación luz de día,12
285,PL-100-AL,Perfil lineal con disipador de calor y cubierta PC,4
286,PL-200-1111-3,Grapa para perfil miniatura para esquina,9
287,PL-200-1111-AL,Perfil miniatura para esquina,8
288,PL-200-13519-AL,Perfil lineal de aluminio para incrustar en enjarre con difusor,95
289,PL-200-16019-BL,Perfil lineal de aluminio empotrado en plafon con difusor,10
290,PL-200-1716-4,Iman circular de sujecion para perfil,19
291,PL-200-1806-1,Tapa para perfil flexible con salida,17
292,PL-200-1806-3,Grapa de sujecion para perfil flexible,240
293,PL-200-1806-4,Accesorio de union perfill a perfil,61
294,PL-200-1815-AL,Perfil lineal con cobertura de medio circulo,1
295,PL-200-1908-1,Tapa final para perfil DE ALUMINIO empotrado en piso sin salida,1033
296,PL-200-1908-2,Tapa final para perfil DE ALUMINIO empotrado en piso CON salida,3343
297,PL-200-1908-3,GRAPA DE MONTAJE para perfil DE ALUMINIO empotrado en piso,6054
298,PL-200-1908-AL,Perfil lineal de aluminio empotrado en piso con difusor,1
299,PL-200-1913-4,Iman de sujecion para perfil todas las versiones,578
300,PL-200-1913A-PCNG,Cobertura version A para perfil 1913 lisa en negro,3
301,PL-200-1919U-2,Tapa final para perfil de aluminio para esquina sin salida,1
302,PL-200-1919U-3,Clip de montaje para perfil de aluminio para esquina,776
303,PL-200-1930-3,Accesorio de soporte final,1083
304,PL-200-1970-1,Tapa final para perfil DE ALUMINIO empotrado DE LUZ INDIRECTA CON salida,1693
305,PL-200-1970-2,Tapa final para perfil DE ALUMINIO empotrado DE LUZ INDIRECTA SIN salida,1669
306,PL-200-1970-AL,Perfil lineal de aluminio para luz indirecta sin difusor,285
307,PL-200-2020-1,Tapa final para perfil de plastico circular SIN salida,154
308,PL-200-2020-2,Tapa final para perfil de plastico circular con salida,11
309,PL-200-2020-PP,Perfil lineal de plastico circular,96
310,PL-200-2319-PP,Perfil lineal de plastico para sobreponer,101
311,PL-200-2416-1,Tapa final para perfil rectangular con salida,44
312,PL-200-2416-2,Tapa final para perfil rectangular sin salida,73
313,PL-200-2416-3,Grapa de Sujecion para perfil rectangular,1444
314,PL-200-2416-4,Iman circular de sujecion para perfil rectangular,407
315,PL-200-2416-6,Conector a 90 en vertical para perfil rectangular,193
316,PL-200-2416-7,Conector a 90 para perfil rectangular,1
317,PL-200-2416-8,Conector a 45 en horizontal para perfil rectangular,208
318,PL-200-2416-9,Concetor a 45 para perfil,195
319,PL-200-2416-NG,Perfil rectangular lineal para empotrar en negro,29
320,PL-200-3031-1,Tapa final para perfil de plastico para esquina SIN salida,11
321,PL-200-3031-PP,Perfil lineal de plastico para esquinas,24
322,PL-200-5252-3,Soporte para perfil tipo barandal,447
323,PL-200-5252-4,Conector a 90 grados para perfil tipo barandal,30
324,PL-200-5252-5,Conector a desnivel para perfil tipo barandal,29
325,PL-200-5252-6,Conector a 135 grados para perfil tipo barandal,23
326,PL-200-5252-7,Conector recto para perfil tipo barandal,56
327,PL-200-5252-AL,Perfil lineal de aluminio tipo barandal,7
328,PL-200-5252-BC,Perfil lineal de aluminio tipo barandal blanco,35
329,PL-200-5252-BC3,Soporte blanco para perfil tipo barandal,258
330,PL-200-5252-BC4,Conector blanco a 90 grados para perfil tipo barandal,12
331,PL-200-5252-BC5,Conector blanco a desnivel para perfil tipo barandal,12
332,PL-200-5252-BC6,Conector blanco a 135 grados para perfil tipo barandal,12
333,PL-200-5252-BC7,Conector blanco recto para perfil tipo barandal,12
334,PL-200-5252-NG,Perfil lineal de aluminio tipo barandal negro,2
335,PL-200-5252-NG3,Soporte negro para perfil tipo barandal,770
336,PL-200-5252-NG4,Conector negro a 90 grados para perfil tipo barandal,33
337,PL-200-5252-NG5,Conector negro a desnivel para perfil tipo barandal,32
338,PL-200-5252-NG6,Conector negro a 135 grados para perfil tipo barandal,14
339,PL-200-5252-NG7,Conector negro recto para perfil tipo barandal,64
340,PL-200-6319-AL,Perfil lineal de aluminio para empotrar en muro,239
341,PL-200-7024-1,Tapa final para perfil de aluminio modular sin salida,3
342,PL-200-7024-2,Tapa final para perfil de aluminio modular con salida,4
343,PL-ACC-CN,Accesorio para Conexión,250
344,PL-ACC-CN-2,Accesorio de conexion,35
345,PL-ACC-MO,Accesorio para montaje sobrepuesto de perfil,165
346,PL-ACC-SP,Accesorio para suspender Perfil,184
347,PL-ACC-UN,Accesorio para Union entre perfiles,248
348,PL-ACC-UNL,L de conexion 60 grados,129
349,PL-ACC-UNX,Accesorio de conexion en X de 30 a 150 grados,95
350,PL-ACC-UNY,Y de conexion 120 grados,118
351,PL-ACC-UN-YM,Accesorio de conexion en Y de 30 a 150 grados,73
352,PL-L-AL,Conexion en L para perfil,74
353,PL-L-AL-2,Conexion en L,92
354,PL-LE-AL,Conexión en L externa para Perfil,22
355,PL-LE-AL-2,Conexion en L externa,98
356,PL-LE-NG-2,Conexion en L externa en Negro,51
357,PL-LI-AL,Conexión en L interna para Perfil,3
358,PL-LI-AL-2,Conexion en L interna,98
359,PL-LI-NG-2,Conexion en L interna en Negro,23
360,PL-L-NG-2,Conexion en L en Negro,1
361,PLMX-200-1806-AL,Perfil lineal de aluminio flexible en color aluminio,105
362,PLMX-250-1806-3,Juego de tapas finales para perfil flexible en gris,156
363,PLMX-250-1806-4,Grapa para perfil lineal flexible,369
364,PLMX-250-1806-AL,Perfil lineal de aluminio flexible en color aluminio,3
365,PLMX-250-1913-S-AL,Perfil lineal de aluminio para sobreponer en color aluminio,422
366,PLMX-250-1913-S-ALB,Perfil lineal de aluminio para sobreponer en color brillante natural,81
367,PLMX-250-1913-S-BN,Perfil lineal de aluminio para sobreponer en color blanco,37
368,PLMX-250-1913-S-CH,Perfil lineal de aluminio para sobreponer en color champagne,47
369,PLMX-250-1913-S-GR,Perfil lineal de aluminiopara sobreponer en color gris,84
370,PLMX-250-1913-S-MN,Perfil lineal de aluminio para sobreponer en color madera nogal,71
371,PLMX-250-1913-S-MO,Perfil lineal de aluminio para sobreponer en color madera obscura,85
372,PLMX-250-1913-S-NBR,Perfil lineal de aluminio para sobreponer en color negro brillante,8
373,PLMX-250-1913-S-NG,Perfil lineal de aluminio para sobreponer en color negro,4
374,PLMX-250-1913-S-NR,Perfil lineal de aluminio para sobreponer en color negro rugoso,54
375,PLMX-250-1A-G,Juego de tapas para perfil para cubierta A en gris,355
376,PLMX-250-1C-G,Juego de tapas para perfil para cubierta C en gris,492
377,PLMX-250-1R-G,Juego de tapas para perfil para cubierta R en gris,233
378,PLMX-250-2,Accesorio de conexión a 90° horizontal,132
379,PLMX-250-2212-2,Juego de 3 grapas de sujeción para perfil 2212,877
380,PLMX-250-2212-4,Juego de tapas fin para perfil de empotrar en gris,821
381,PLMX-250-2212-AL,"""""Perfil lineal de aluminio, para empotrar en piso color aluminio""",3127
382,PLMX-250-2613-AL,Perfil lineal de aluminio para empotrar en color  aluminio,2558
383,PLMX-250-2613-NG,Perfil lineal de aluminio para empotrar en color negro,89
384,PLMX-250-3,Accesorio de conexión a 90° vertical,296
385,PLMX-250-4,Accesorio de conexión a 45° horizontal,564
386,PLMX-250-5,Accesorio de conexión a 45° vertical,328
387,PLMX-250-6113-AL,Perfil lineal de aluminio para empotrar en tablaroca en color aluminio,14
388,PLMX-250-8452-11,Accesorio de unión para perfil multiusos a 45° en vertical,181
389,PLMX-250-8452-4,Accesorio de unión para perfil multiusos a 180°,207
390,PLMX-250-8452-5,Accesorio de unión para perfil multiusos a 90°,196
391,PLMX-250-8452-6,Accesorio de unión para perfil multiusos a 60°,93
392,PLMX-250-8452-7,Accesorio de unión para perfil multiusos a 45°,140
393,PLMX-250-8452-AL,Perfil lineal multiusos en color aluminio,558
394,PLMX-250-8452-BN,Perfil lineal multiusos en color blanco,115
395,PLMX-250-8452-C2,Cubierta antideslumbrante para perfil multiusos,235
396,PLMX-250-8452-NG,Perfil lineal multiusos en color negro,171
397,PLMX-250-A-PC,Cubierta para perfil lisa,102
398,PLMX-250-C-PC,Cubierta para perfil de medio circulo,709
399,PLMX-250-R-PC,Cubierta para perfil rectangular,306
400,PLMX-ACC-SP,Accesorio para suspender perfil,262
401,PL-T-AL,Conexión en T para perfil,20
402,PL-T-AL-2,Conexion en T,87
403,PL-TF-AL,Tapa fin para perfil,1608
404,PL-TF-AL-2,Tapa fin para perfil,5
405,PL-T-NG-2,Conexion en T en negro,50
406,PL-X-AL,Conexión en X para Perfil,75
407,PL-X-AL-2,Conexion en X,69
408,PL-X-NG-2,Conexion en X en negro,48
409,PP-TK-LED,placa con pegamento para tk-led-2x3w,10
410,PROD_ROLLO_SMART_FILM,Metros de rollo de pelicula inteligente cambia transparencia,50
411,REFLED-C/17W/30/N,Reflector cuadrado LED 3000K 17W IP65,217
412,REFLED-COB-35W-IP66-BS,REFLECTOR DE ALTA POTENCIA BLUE SKY,75
413,REFLED-COB-35W-IP66-GY,REFLECTOR DE ALTA POTENCIA GOLDEN YELLOW,99
414,REGLED-15W-TLED-1800k,Regleta tipo tira LED,29
415,REGLED-15W-TLED-3000k,Regleta tipo tira LED,79
416,REGLED-15W-TLED-6500k,Regleta tipo tira LED,80
417,REGLED-40W-RGBW,REGLETA RGBW CONTROLABLE,363
418,REGLED-48W/30/N,Regleta para Bañar Pared 48W blanco calido,15
419,S14/LED/1W/127V/2200K,Blister 2pzs Bulbo 1W E-27 blanco calido,26746
420,S14-LED-E27-1W/BC-24,"S14 Pack24pzs led Bulbo de filamento, 1W, cubierta de plastico transparente",4786
421,SB-TL-CT,SENSOR ALIMENTADO POR BATERIAS CON TIRA LED DE UN METRO,579
422,SER-IP44-E27-24W-LEDS14,Serie Led decorativa para exteriores 24 bombillas base E27,13258
423,SM-16F,Sensor de movimiento infrarrojo 180° IP44,10
424,SM-16F-S,Sensor movimiento 180 grados infrarrojo multiposición IP44,5417
425,SM-16F-S/2-PACK,2pack - Sensor movimiento 180 grados infrarrojo multiposición IP44,2
426,SM-22-N,Sensor movimiento 180 grados infrarrojo switch para pared,3428
427,SM-22-N/2-PACK,2Pack - Sensor movimiento 180 grados infrarrojo switch para pared,2
428,SM-360-1S,Sensor de movimiento Infrarojo 360º c/un sensor,1
429,SM-360-1S-N,Sensor movimiento 360grados infrarrojo con sensor para sobreponer en techo,14554
430,SM-360-1S-N/3-PACK,3Pack - Sensor movimiento 360grados infrarrojo con sensor para sobreponer en techo,2
431,SM-360-MINI,SENSOR DE MOVIMIENTO MINIATURA,110
432,SM-360-MINI/4-PACK,4 pack SENSOR DE MOVIMIENTO MINIATURA,2
433,SM-360-TS-N,Sensor movimiento 360 grados infrarrojo con triple sensor para sobreponer en techo,7842
434,SM-360-TS-N/2-PACK,2Pack - Sensor movimiento 360 grados infrarrojo con triple sensor para sobreponer en techo,2
435,SM-BDL-01,SENSOR DE MOVIMIENTO CON TIRA LED,414
436,SM-BDL-02,SENSOR DE MOVIMIENTO CON TIRA LED,108
437,SM-LN-BAT/4-Pack,4-Pack SENSOR DE MOVIMIENTO CON LUZ DE NOCHE RECARGABLE,16448
438,SM-MO-360,Sensor de movimiento de microondas 360°,1
439,SM-MO-360-S,Sensor movimiento 360grados de microondas para sobreponer en techo,2937
440,SODI-2PK-PL-1930-TF,2 PACK TAPAS FIN PARA PERFIL 1930 DE CLOSET CON Y SIN SALIDA,29
441,SODI-2PK-PL-2319-TF,2 PACK TAPAS FIN PARA PERFIL 2319 DE PLASTICO PARA SOBREPONER CON Y SIN SALIDA,50
442,SODI-5PK-PL-1716-GP,5 PACK GRAPAS DE SUJECION PARA PERFIL 17161,150
443,SODI-5PK-PL-1908-GP,5 PACK GRAPA DE MONTAJE PARA PERFIL 1908 DE ALUMINIO EMPOTRADO EN PISO,100
444,SODI-5PK-PL-3031-GP,5 PACK GRAPA DE MONTAJE PARA PERFIL 3031 DE PLASTICO PARA ESQUINA,50
445,SPI-16S+M16S,Controlador Chaising,856
446,SR-2006,Dimmer bajo voltaje de 0 a 10V,45
447,SR-2102B,DECODIFICADOR DMX512 DE BAJO VOLTAJE,332
448,SR-2812-US3,PANEL TOCUH PARA CONTOL DE DISPOSITIVOS DMX512,50
449,SR-2834B-DMX,PANEL TOCUH DUAL PARA CONTOL DE DISPOSITIVOS DMX512,86
450,SR-3001,REPETIDOR DE SEÑAL PARA TIRAS DE BAJO VOLTAJE,498
451,T8IC-LED-18W/BN,tubo T8 led de 18W,505
452,T8IC-LED-18W/LD,tubo T8 led de 18W,327
453,TCHK-LED-5050/RGB,Kit con tira digital flexible de LED 5050 SMD 12V IP45 RGB-CHASING,54
454,TCH-LED-5050/RGB,"""""Tira flexible 30 LEDs x metro, 5050 SMD, exterior""",97
455,TI4.8W25-CON24W,Kit de tira vintage con convertidor de corriente,2
456,TI4.8WAZ-CON24W,Kit de tira azul con convertidor de corriente,1
457,TI4.8WLD-CON24W,"""""Tira Led de 5 Metros, para interior Luz de día""",2
458,TI4.8WVE-CON24W,Kit de tira verde con convertidor de corriente,2
459,TL-CI-3M,KIT DE TIRA LED DE 3 MTS,1809
460,TL-CM-5M,TIRA CON CONTROLADOR DE TEMPERATURA DE COLOR DE 5M.,148
461,TLED-168-2110/3000K,"""""Tira flexibe 168 LEDs x metro, 2110 SMD, interior """,1489
462,TLED-168-2110/4000K,Tira flexible de led 2110 de 4mm 4000k 24V,652
463,TLED-168-2110/6000K,"""""Tira flexibe 168 LEDs x metro, 2110 SMD, interior """,114
464,TLED-2110-24V-1,Conector de presion para tira 2110,645
465,TLED-240-2110-24V/1800K,Tira flexible de LED 2110 SMD IP20 24V 5 metros 1800K,127
466,TLED-240-2110-24V/6000K,Tira flexible de LED 2110 SMD IP20 24V 5 metros 6000K,1
467,TLED-240-2110-IP66/1800K,Tira flexible de led 2110 SMD IP66 24V 5mts 1800k,313
468,TLED-240-2110-IP66/6000K,Tira flexible de LED 2110 SMD IP66 24V 5 metros 6000K,293
469,TLED-240-2216/BC,Tira flexible de LED 2216 SMD 12V Blanco Calido,3
470,TLED-240-2216/BN,Tira flexible de LED 2216 SMD 12V Blanco Neutro,2
471,TLED-240-2216/LD,Tira flexible de LED 2216 SMD 12V Luz de Dia,63
472,TLED-280-2110/1800K,"""""Tira flexible 280 LEDs x metro, 2110 SMD, 24V, interior 1800K""",609
473,TLED-280-2110/3000K,"""""Tira flexible 280 LEDs x metro, 2110 SMD, 24V, interior BC""",732
474,TLED-280-2110/4000K,"""""Tira flexible 280 LEDs x metro, 2110 SMD, 24V, interior BN""",864
475,TLED-280-2110/6000K,"""""Tira flexible 280 LEDs x metro, 2110 SMD, 24V, interior LD""",972
476,TLED-280-2110/DUAL,"""""Tira flexible 280 LEDs x metro, 2110 SMD, 24V, interior""",244
477,TLED-280-2110-IP66-BC,"""""Tira flexible 280 LEDs, 2110 SMD, 24V, exterior""",344
478,TLED-280-2110-IP66-BN,"""""Tira flexible 280 LEDs, 2110 SMD, 24V, exterior""",490
479,TLED-2835-IP66-SS,"""""Tira flexible 60 LEDs x metro, 2835 SMD, exterior""",428
480,TLED-30-5050/RGB,"""""Tira flexible 30 LEDs x metro, 5050 SMD, interior""",1787
481,TLED-30-IP68-12V/RGB,"""""Tira flexible 30 LEDs x metro, 5050 SMD, sumergible""",304
482,TLED-60-IP67-RGBW/BC,"""""Tira flexible 60 LEDs x metro, 5050 SMD, exterior""",456
483,TLED-60-IP67-RGBW/LD,"""""Tira flexible 60 LEDs x metro, 5050 SMD, exterior""",13
484,TLED-COB-10W/BC,"""""Tira flexible 480 LEDs x metro, LED COB,  interior""",1952
485,TLED-COB-10W/BN,"""""Tira flexible 480 LEDs x metro, LED COB,  interior""",2783
486,TLED-COB-10W/LD,"""""Tira flexible 480 LEDs x metro, LED COB,  interior""",398
487,TLED-COB-15W/RGB,"Tira RGB flexible 420 LEDs x metro, LED COB,  interior",565
488,TLED-CON-H,Conector para conexiones en paralelo,1056
489,TLED-CON-T,Conector para conexiones en serie,459
490,TLLED-401/5.5W/30B,NTERIOR ARBOTANTES LED5.5W100-240V3000K,14
491,TL-RGB-1M,TIRA LED RGB DE 1.5 M CON SENSOR DE MOVIMIENTO,511
492,TL-RGB-2M,Tira Led RGB de 3 Metros con Sensor de movimiento,1022
493,TL-RGB-CI,TIRA LED RGB CON CONTROLADOR DE INFRAROJO,4833
494,TL-RGBW-CI,Tira RGBW Controlada Mediante Infrarrojo,1694
495,TM-100/FR,TecnoModul de 60 LED 5050 SMD 12V 4000K 100cm Cubierta Aperlada,30
496,TME-1,Cable alimentador con clavija,244
497,TME-2,Conector esquina 50 cms,773
498,TME-3,Conector esquina 100 cms,162
499,TME-5,Grapa Plastica,4157
500,TME-5050-IP65-100/LD,Barra rigida Plastico 100 cms de LED 5050 SMD 127V IP65 Luz de Día,379
501,TME-5050-IP65-50/LD,Barra rigida Plastico 50 cms de LED 5050 SMD 127V IP65 Luz de Día,460
502,TME-6,Tapa Fin,12
503,TSM-007/LED-S,Arbotante con sensor de movimiento PIR,1556
504,TSM-010-SOL,ARBOTANTE DE LED SOLAR CON SENSOR DE MOVIMIENTO,499
505,TT-158,Temporizador (Timer) Digital p/interior Doble contacto,3421
506,TT-158/2-PACK,2Pack - Temporizador (Timer) Digital p/interior Doble contacto,2
507,TTM-158,Temporizador (Timer) Mecanico p/interior Doble contacto,3575
508,TTM-158/2-PACK,2Pack - Temporizador (Timer) Mecanico p/interior Doble contacto,2
509,TTME-158,Temporizador (Timer) Mecanico IP63,733
510,TTME-158/2-PACK,2Pack - Temporizador (Timer) Mecanico IP63,2
511,USB-POP-C/BN,CARGADOR USB TIPO POP-UP EN COLOR BLANCO,468
512,USB-POP-C/NG,CARGADOR USB TIPO POP-UP EN COLOR NEGRO,433
513,USB-POP-C/SS,CARGADOR USB TIPO POP-UP EN COLOR METAL,468
514,VISTACAM700-SL-100,Cámara HD Horus,86
515,WIFI-101-CT,CONTROLADOR WIFI DE TEMPERATURA DUAL,1
516,YD-339/B,INTERIOR EMPOTRADOS S/L100-240/12VGX5.3,32
517,YRD226-NR-619,Cerrojo Real Living Niquel Satinado,1
518,YRL221,Manija Real Living YRL221,2
519,YRL221-Z,Manija Real Living YRL221 + Modulo Z-Wave,1
520,ZD-2102US-5,Sensor de Puerta/ Ventana Horus,1152
521,ZP-3102US-5,Sensor de Movimiento Horus,823
522,ZW080-A17,Sirena Horus,121
523,ZW095,Medidor de Energia Trifasico Aeotec,4
524,ZW32,Toma Corriente Horus,372
525,ZwaveMX89522,Módulo Z-Wave Plus Assure & Real Living 2,99
526,ZXT-600-US,Termostato para Minisplit v2,178
